{
	"monster": [
		{
			"name": "Big Water Slurpent",
			"isNpc": true,
			"isNamedCreature": true,
			"source": "AWM",
			"page": 29,
			"size": [
				"L"
			],
			"type": "elemental",
			"alignment": [
				"N"
			],
			"ac": [
				13
			],
			"hp": {
				"special": "58"
			},
			"speed": {
				"walk": 0,
				"swim": 60
			},
			"str": 17,
			"dex": 16,
			"con": 13,
			"int": 11,
			"wis": 10,
			"cha": 10,
			"passive": 0,
			"cr": "3",
			"trait": [
				{
					"name": "Invisible in Water",
					"entries": [
						"The big water slurpent is {@condition invisible} while fully immersed in water."
					]
				},
				{
					"name": "Water Bound",
					"entries": [
						"The big water slurpent dies if it leaves the water to which it is bound or if that water is destroyed."
					]
				}
			],
			"action": [
				{
					"name": "Constrict",
					"entries": [
						"{@atk mw} {@hit 5} to hit, one target. {@h}13 ({@damage 3d6+3}) bludgeoning damage. If the target is Medium or smaller, it is {@condition grappled} (escape {@dc 13}) and pulled 5 feet toward the big water slurpent. Until this grapple ends, the target is {@condition restrained}, the big water slurpent tries to drown it, and the big water slurpent can't constrict another target."
					]
				}
			],
			"damageTags": [
				"B"
			],
			"miscTags": [
				"MW"
			],
			"conditionInflict": [
				"grappled",
				"invisible",
				"restrained"
			],
			"hasToken": true,
			"hasFluff": true
		},
		{
			"name": "Birdsquirrel",
			"isNpc": true,
			"isNamedCreature": true,
			"source": "AWM",
			"page": 30,
			"size": [
				"T"
			],
			"type": "beast",
			"alignment": [
				"U"
			],
			"ac": [
				13
			],
			"hp": {
				"special": "10"
			},
			"speed": {
				"walk": 20,
				"fly": 30,
				"climb": 20
			},
			"str": 6,
			"dex": 14,
			"con": 13,
			"int": 4,
			"wis": 12,
			"cha": 6,
			"passive": 0,
			"cr": "1/4",
			"trait": [
				{
					"name": "Pack Tactics",
					"entries": [
						"Birdsquirrel has advantage on an attack roll against a creature if at least one of the Birdsquirrel's allies is within 5 feet of the creature and the ally isn't {@condition incapacitated}."
					]
				}
			],
			"action": [
				{
					"name": "Multiattack",
					"entries": [
						"Birdsquirrel makes two attacks: one with its bite and one with its claws."
					]
				},
				{
					"name": "Bite",
					"entries": [
						"{@atk mw} {@hit 4} to hit, reach 5 ft., one target. {@h}5 ({@damage 1d6+2}) piercing damage."
					]
				},
				{
					"name": "Claws",
					"entries": [
						"{@atk mw} {@hit 4} to hit, reach 5 ft., one target. {@h}4 ({@damage 1d4+2}) slashing damage."
					]
				}
			],
			"traitTags": [
				"Pack Tactics"
			],
			"actionTags": [
				"Multiattack"
			],
			"damageTags": [
				"P",
				"S"
			],
			"miscTags": [
				"MW"
			],
			"hasToken": true,
			"hasFluff": true,
			"hasFluffImages": true
		},
		{
			"name": "Boontu Monkey",
			"source": "AWM",
			"page": 30,
			"size": [
				"M"
			],
			"type": "beast",
			"alignment": [
				"U"
			],
			"ac": [
				12
			],
			"hp": {
				"special": "3"
			},
			"speed": {
				"walk": 20,
				"climb": 20
			},
			"str": 8,
			"dex": 14,
			"con": 11,
			"int": 5,
			"wis": 12,
			"cha": 6,
			"passive": 0,
			"cr": "0",
			"trait": [
				{
					"name": "Pack Tactics",
					"entries": [
						"The Boontu monkey has advantage on an attack roll against a creature if at least one of the boontu monkey's allies is within 5 feet of the creature and the ally isn't {@condition incapacitated}."
					]
				}
			],
			"action": [
				{
					"name": "Bite",
					"entries": [
						"{@atk mw} {@hit 1} to hit, reach 5 ft., one target. {@h}1 ({@damage 1d4 - 1}) piercing damage."
					]
				}
			],
			"traitTags": [
				"Pack Tactics"
			],
			"miscTags": [
				"MW"
			],
			"hasToken": true,
			"hasFluff": true
		},
		{
			"name": "Crystal Cave Merfolk",
			"source": "AWM",
			"page": 31,
			"size": [
				"M"
			],
			"type": {
				"type": "humanoid",
				"tags": [
					"merfolk"
				]
			},
			"alignment": [
				"N"
			],
			"ac": [
				11
			],
			"hp": {
				"special": "11"
			},
			"speed": {
				"walk": 10,
				"swim": 40
			},
			"str": 10,
			"dex": 13,
			"con": 12,
			"int": 11,
			"wis": 11,
			"cha": 12,
			"passive": 0,
			"cr": "1/8",
			"trait": [
				{
					"name": "Amphibious",
					"entries": [
						"The merfolk can breathe air and water."
					]
				},
				{
					"name": "Siren Song",
					"entries": [
						"Lovely singing voices charm every humanoid or giant within 300 feet. The targets must succeed on a {@dc 11} Wisdom saving throw or be {@condition charmed} until the song ends."
					]
				}
			],
			"action": [
				{
					"name": "Bite",
					"entries": [
						"{@atk mw} {@hit 2} to hit, one target. {@h}3 ({@damage 1d6}) piercing damage."
					]
				}
			],
			"traitTags": [
				"Amphibious"
			],
			"damageTags": [
				"P"
			],
			"miscTags": [
				"MW"
			],
			"savingThrowForced": [
				"wisdom"
			],
			"hasToken": true,
			"hasFluff": true
		},
		{
			"name": "Dankwood Hag",
			"source": "AWM",
			"page": 31,
			"size": [
				"M"
			],
			"type": "fey",
			"alignment": [
				"N",
				"E"
			],
			"ac": [
				17
			],
			"hp": {
				"special": "82"
			},
			"speed": {
				"walk": 30
			},
			"str": 18,
			"dex": 12,
			"con": 16,
			"int": 13,
			"wis": 14,
			"cha": 14,
			"passive": 0,
			"cr": "3",
			"spellcasting": [
				{
					"name": "Innate Spellcasting",
					"type": "spellcasting",
					"will": [
						"{@spell dancing lights}",
						"{@spell minor illusion}",
						"{@spell vicious mockery}"
					],
					"footerEntries": [
						"The hag's spellcasting ability is Charisma",
						"(spell save {@dc 12}). It can innately cast the following spells:"
					]
				}
			],
			"trait": [
				{
					"name": "Amphibious",
					"entries": [
						"The hag can breathe air and water."
					]
				},
				{
					"name": "Mimicry (Green Hag)",
					"entries": [
						"The hag can mimic animal sounds and humanoid voices. A creature that hears the sounds can tell they are imitations with a successful {@dc 14} Wisdom ({@skill Insight}) check."
					]
				}
			],
			"action": [
				{
					"name": "Illusory Appearance",
					"entries": [
						"The hag covers herself with a magical illusion that allows her to look like another creature of her general size and shape. The illusion ends when the hag chooses, or if she dies. A {@dc 20} Intelligence ({@skill Investigation}) check will expose the hag's disguise."
					]
				},
				{
					"name": "Invisible Passage",
					"entries": [
						"The hag magically turns {@condition invisible} until she attacks or casts a spell, or until her {@status concentration} ends. While {@condition invisible}, she leaves no physical evidence of her passage, and can only be tracked by magic."
					]
				},
				{
					"name": "Claws",
					"entries": [
						"{@atk mw} {@hit 6} to hit, one target. {@h}17 ({@damage 2d8 + 4}) slashing damage."
					]
				}
			],
			"traitTags": [
				"Amphibious",
				"Mimicry"
			],
			"damageTags": [
				"S"
			],
			"damageTagsSpell": [
				"Y"
			],
			"spellcastingTags": [
				"I"
			],
			"miscTags": [
				"MW"
			],
			"conditionInflict": [
				"invisible"
			],
			"savingThrowForcedSpell": [
				"wisdom"
			],
			"hasToken": true,
			"hasFluff": true
		},
		{
			"name": "Dum-Dum Goblin",
			"source": "AWM",
			"page": 32,
			"size": [
				"S"
			],
			"type": {
				"type": "humanoid",
				"tags": [
					"goblinoid"
				]
			},
			"alignment": [
				"N",
				"E"
			],
			"ac": [
				7
			],
			"hp": {
				"special": "7"
			},
			"speed": {
				"walk": 30
			},
			"str": 8,
			"dex": 14,
			"con": 10,
			"int": 10,
			"wis": 8,
			"cha": 8,
			"passive": 0,
			"cr": "1/4",
			"trait": [
				{
					"name": "Nimble Escape",
					"entries": [
						"The goblin can take the {@action Disengage} or {@action Hide} action as a bonus action on each of its turns."
					]
				}
			],
			"action": [
				{
					"name": "Catch me if you can!",
					"entries": [
						"Dum-Dum Goblins will opt to run and hide before fighting! A {@dc 15} Dexterity check must be made before they can be attacked."
					]
				},
				{
					"name": "Scimitar",
					"entries": [
						"{@atk mw} {@hit 4} to hit, one target. {@h}3 ({@damage 1d6 +2}) slashing damage."
					]
				},
				{
					"name": "Shortbow",
					"entries": [
						"{@atk rw} {@hit 4} to hit, one target. {@h}6 ({@damage 1d6 + 2}) piercing damage."
					]
				}
			],
			"attachedItems": [
				"scimitar|phb",
				"shortbow|phb"
			],
			"damageTags": [
				"P",
				"S"
			],
			"miscTags": [
				"MLW",
				"MW",
				"RNG",
				"RW"
			],
			"hasToken": true,
			"hasFluff": true,
			"hasFluffImages": true
		},
		{
			"name": "Dwarf",
			"source": "AWM",
			"page": 32,
			"size": [
				"M"
			],
			"type": {
				"type": "humanoid",
				"tags": [
					"Dwarf"
				]
			},
			"alignment": [
				"L",
				"G"
			],
			"ac": [
				10
			],
			"hp": {
				"special": "30"
			},
			"speed": {
				"walk": 25
			},
			"str": 16,
			"dex": 13,
			"con": 14,
			"int": 10,
			"wis": 11,
			"cha": 10,
			"passive": 0,
			"cr": "1/4",
			"trait": [
				{
					"name": "Dwarven Resilience",
					"entries": [
						"They have advantage on saving throws against poison, and they have resistance to poison damage."
					]
				}
			],
			"action": [
				{
					"name": "Shortbow",
					"entries": [
						"{@atk mw} {@hit 3} to hit, one target. {@h}4 ({@damage 1d6 + 1}) slashing damage."
					]
				}
			],
			"attachedItems": [
				"shortbow|phb"
			],
			"damageTags": [
				"S"
			],
			"miscTags": [
				"MW",
				"RNG"
			],
			"hasToken": true,
			"hasFluff": true,
			"hasFluffImages": true
		},
		{
			"name": "Great Kroom, Purple Worm",
			"isNpc": true,
			"isNamedCreature": true,
			"source": "AWM",
			"page": 33,
			"size": [
				"G"
			],
			"type": "monstrosity",
			"alignment": [
				"U"
			],
			"ac": [
				{
					"ac": 18,
					"from": [
						"natural armor"
					]
				}
			],
			"hp": {
				"special": "247"
			},
			"speed": {
				"walk": 50,
				"burrow": 30
			},
			"str": 10,
			"dex": 13,
			"con": 12,
			"int": 11,
			"wis": 11,
			"cha": 12,
			"passive": 0,
			"cr": "15",
			"trait": [
				{
					"name": "Tunneler",
					"entries": [
						"The worm can burrow through solid rock at half its burrow speed and leaves a 10-foot-diameter tunnel in its wake."
					]
				}
			],
			"action": [
				{
					"name": "Multiattack",
					"entries": [
						"The worm makes two attacks:"
					]
				},
				{
					"name": "Bite",
					"entries": [
						"{@atk mw} {@hit 14} to hit, one target. {@h}22 ({@damage 3d8}) piercing damage. Target must make a {@dc 19} Dexterity save, or be swallowed by the worm!"
					]
				},
				{
					"name": "Tail Stinger",
					"entries": [
						"{@atk mw} {@hit 14} to hit, one creature. {@h}19 ({@damage 3d6 + 9}) piercing damage Target must make a {@dc 19} Constitution save, or take 42 ({@damage 12d6}) poison damage."
					]
				}
			],
			"environment": [
				"desert",
				"underdark"
			],
			"traitTags": [
				"Tunneler"
			],
			"actionTags": [
				"Multiattack",
				"Swallow"
			],
			"damageTags": [
				"P"
			],
			"miscTags": [
				"MW"
			],
			"hasToken": true,
			"hasFluff": true,
			"hasFluffImages": true
		},
		{
			"name": "Hangry Otyugh",
			"source": "AWM",
			"page": 33,
			"size": [
				"L"
			],
			"type": "aberration",
			"alignment": [
				"N"
			],
			"ac": [
				14
			],
			"hp": {
				"special": "114"
			},
			"speed": {
				"walk": 30
			},
			"str": 16,
			"dex": 11,
			"con": 19,
			"int": 6,
			"wis": 13,
			"cha": 6,
			"passive": 0,
			"cr": "5",
			"trait": [
				{
					"name": "Limited Telepathy",
					"entries": [
						"The otyugh can magically transmit simple messages and images to any creature within 120 feet of it that can understand a language. This form of telepathy doesn't allow the receiving creature to telepathically respond."
					]
				}
			],
			"action": [
				{
					"name": "Multiattack",
					"entries": [
						"The otyugh makes three attacks:"
					]
				},
				{
					"name": "Bite",
					"entries": [
						"{@atk mw} {@hit 6} to hit, reach 5 ft., one target. {@h}12 ({@damage 2d8 + 3}) piercing damage. Target must make a {@dc 15} Constitution save, or take d ({@damage 1d10}) poison damage until cured."
					]
				},
				{
					"name": "Tentacle",
					"entries": [
						"{@atk mw} {@hit 6} to hit, reach 10 ft., one target. {@h}7 ({@damage 1d8 + 3}) bludgeoning damage ,Target must make a {@dc 19} Constitution save, or take 42 ({@damage 12d6}) poison damage"
					]
				},
				{
					"name": "Slam",
					"entries": [
						"Target must make a {@dc 14} Constitution save, or be {@condition grappled}."
					]
				}
			],
			"environment": [
				"underdark"
			],
			"actionTags": [
				"Multiattack",
				"Tentacles"
			],
			"damageTags": [
				"B",
				"P"
			],
			"miscTags": [
				"MW",
				"RCH"
			],
			"hasToken": true,
			"hasFluff": true
		},
		{
			"name": "Hill Giant, Blorbo",
			"isNpc": true,
			"isNamedCreature": true,
			"source": "AWM",
			"page": 34,
			"size": [
				"H"
			],
			"type": "giant",
			"alignment": [
				"C",
				"E"
			],
			"ac": [
				13
			],
			"hp": {
				"special": "105"
			},
			"speed": {
				"walk": 40
			},
			"str": 21,
			"dex": 8,
			"con": 19,
			"int": 5,
			"wis": 9,
			"cha": 6,
			"passive": 0,
			"cr": "4",
			"action": [
				{
					"name": "Multiattack",
					"entries": [
						"The giant makes two greatclub attacks."
					]
				},
				{
					"name": "Greatclub",
					"entries": [
						"{@atk mw} {@hit 8} to hit, one target. {@h}18 ({@damage 3d8 + 5}) bludgeoning damage."
					]
				},
				{
					"name": "Rock",
					"entries": [
						"{@atk rw} {@hit 8} to hit, one target. {@h}21 ({@damage 3d10 + 5}) bludgeoning damage."
					]
				}
			],
			"attachedItems": [
				"greatclub|phb"
			],
			"actionTags": [
				"Multiattack"
			],
			"damageTags": [
				"B"
			],
			"miscTags": [
				"MLW",
				"MW",
				"RW"
			],
			"hasToken": true,
			"hasFluff": true,
			"hasFluffImages": true
		},
		{
			"name": "Saleeth the Couatl",
			"isNpc": true,
			"isNamedCreature": true,
			"source": "AWM",
			"page": 34,
			"size": [
				"M"
			],
			"type": "celestial",
			"alignment": [
				"L",
				"G"
			],
			"ac": [
				{
					"ac": 19,
					"from": [
						"natural armor"
					]
				}
			],
			"hp": {
				"special": "97"
			},
			"speed": {
				"walk": 30,
				"fly": 90
			},
			"str": 16,
			"dex": 20,
			"con": 17,
			"int": 18,
			"wis": 20,
			"cha": 18,
			"passive": 0,
			"cr": "4",
			"spellcasting": [
				{
					"name": "Innate Spellcasting",
					"type": "spellcasting",
					"headerEntries": [
						"The couatl's spellcasting ability is Charisma (spell save {@dc 14}). It can innately cast the following spells, requiring only verbal components:"
					],
					"will": [
						"{@spell detect evil and good}",
						"{@spell detect magic}",
						"{@spell detect thoughts}"
					],
					"daily": {
						"3e": [
							"{@spell bless}",
							"{@spell create food and water}",
							"{@spell cure wounds}",
							"{@spell lesser restoration}",
							"{@spell protection from poison}",
							"{@spell sanctuary}",
							"{@spell shield}"
						],
						"1e": [
							"{@spell dream}",
							"{@spell greater restoration}",
							"{@spell scrying}"
						]
					},
					"ability": "cha"
				}
			],
			"trait": [
				{
					"name": "Magic Weapons",
					"entries": [
						"The couatl's weapon attacks are magical."
					]
				},
				{
					"name": "Shielded Mind",
					"entries": [
						"The couatl is immune to scrying and to any effect that would sense its emotions, read its thoughts, or detect its location."
					]
				}
			],
			"action": [
				{
					"name": "Bite",
					"entries": [
						"{@atk mw} {@hit 8} to hit, reach 5 ft., one creature. {@h}8 ({@damage 1d6 + 5}) piercing damage, Target must make a {@dc 13} Constitution save, or fall {@condition unconscious}. Another creature can use an action to shake the target awake."
					]
				},
				{
					"name": "Constrict",
					"entries": [
						"{@atk mw} {@hit 6} to hit, reach 10 ft., one Medium or smaller creature. {@h}10 ({@damage 2d6 + 3}) bludgeoning damage, Target is {@condition grappled} (escape {@dc 15}). The couatl can constrain only one target at a time."
					]
				},
				{
					"name": "Change Shape",
					"entries": [
						"The couatl magically polymorphs into a humanoid or beast that has a challenge rating equal to or less than its own, or back into its true form. It reverts to its true form if it dies. Any equipment it is wearing or carrying is absorbed or borne by the new form (the couatl's choice).",
						"In a new form, the couatl retains its game statistics and ability to speak, but its AC, movement modes, Strength, Dexterity, and other actions are replaced by those of the new form, and it gains any statistics and capabilities (except class features, legendary actions, and lair actions) that the new form has but that it lacks. If the new form has a bite attack, the couatl can use its bite in that form."
					]
				}
			],
			"traitTags": [
				"Magic Weapons"
			],
			"actionTags": [
				"Shapechanger"
			],
			"damageTags": [
				"B",
				"P"
			],
			"damageTagsSpell": [
				"Y"
			],
			"spellcastingTags": [
				"I"
			],
			"miscTags": [
				"MW",
				"RCH"
			],
			"conditionInflict": [
				"grappled"
			],
			"savingThrowForcedSpell": [
				"wisdom"
			],
			"hasToken": true,
			"hasFluff": true
		}
	]
}
