{
	"facilityFluff": [
		{
			"name": "Laboratory",
			"source": "XDMG",
			"images": [
				{
					"type": "image",
					"href": {
						"type": "internal",
						"path": "bastions/XDMG/Laboratory.webp"
					},
					"title": "A cauldron is standard equipment in a potion brewer's Laboratory",
					"credit": "Mark Behm",
					"width": 850,
					"height": 989
				}
			]
		},
		{
			"name": "Library",
			"source": "XDMG",
			"images": [
				{
					"type": "image",
					"href": {
						"type": "internal",
						"path": "bastions/XDMG/Library.webp"
					},
					"title": "The books in your Library hold a wealth of lore that you or a hireling can research",
					"credit": "Olga Drebas",
					"width": 850,
					"height": 1108
				}
			]
		},
		{
			"name": "Observatory",
			"source": "XDMG",
			"images": [
				{
					"type": "image",
					"href": {
						"type": "internal",
						"path": "bastions/XDMG/Observatory.webp"
					},
					"title": "The addition of an Observatory can lead to the discovery of eldritch secrets lost among the stars",
					"credit": "Noor Rahman",
					"width": 1700,
					"height": 1112
				}
			]
		},
		{
			"name": "Scriptorium",
			"source": "XDMG",
			"images": [
				{
					"type": "image",
					"href": {
						"type": "internal",
						"path": "bastions/XDMG/Scriptorium.webp"
					},
					"title": "A Scriptorium has desks and supplies for crafting books, scrolls, and other paperwork",
					"credit": "Nikki Dawes",
					"width": 850,
					"height": 674
				}
			]
		}
	]
}
