{
	"classFluff": [
		{
			"name": "Barbarian",
			"source": "PHB",
			"entries": [
				{
					"name": "Barbarian",
					"type": "section",
					"entries": [
						"A tall human tribesman strides through a blizzard, draped in fur and hefting his axe. He laughs as he charges toward the frost giant who dared poach his people's elk herd.",
						"A half-orc snarls at the latest challenger to her authority over their savage tribe, ready to break his neck with her bare hands as she did to the last six rivals.",
						"Frothing at the mouth, a dwarf slams his helmet into the face of his drow foe, then turns to drive his armored elbow into the gut of another.",
						"These barbarians, different as they might be, are defined by their rage: unbridled, unquenchable, and unthinking fury. More than a mere emotion, their anger is the ferocity of a cornered predator, the unrelenting assault of a storm, the churning turmoil of the sea.",
						"For some, their rage springs from a communion with fierce animal spirits. Others draw from a roiling reservoir of anger at a world full of pain. For every barbarian, rage is a power that fuels not just a battle frenzy but also uncanny reflexes, resilience, and feats of strength.",
						{
							"type": "entries",
							"name": "Primal Instinct",
							"entries": [
								"People of towns and cities take pride in how their civilized ways set them apart from animals, as if denying one's own nature was a mark of superiority. To a barbarian, though, civilization is no virtue, but a sign of weakness. The strong embrace their animal nature\u2014keen instincts, primal physicality, and ferocious rage. Barbarians are uncomfortable when hedged in by walls and crowds. They thrive in the wilds of their homelands: the tundra, jungle, or grasslands where their tribes live and hunt.",
								"Barbarians come alive in the chaos of combat. They can enter a berserk state where rage takes over, giving them superhuman strength and resilience. A barbarian can draw on this reservoir of fury only a few times without resting, but those few rages are usually sufficient to defeat whatever threats arise."
							]
						},
						{
							"type": "entries",
							"name": "A Life of Danger",
							"entries": [
								"Not every member of the tribes deemed \"barbarians\" by scions of civilized society has the barbarian class. A true barbarian among these people is as uncommon as a skilled fighter in a town, and he or she plays a similar role as a protector of the people and a leader in times of war. Life in the wild places of the world is fraught with peril: rival tribes, deadly weather, and terrifying monsters. Barbarians charge headlong into that danger so that their people don't have to.",
								"Their courage in the face of danger makes barbarians perfectly suited for adventuring. Wandering is often a way of life for their native tribes, and the rootless life of the adventurer is little hardship for a barbarian. Some barbarians miss the close-knit family structures of the tribe, but eventually find them replaced by the bonds formed among the members of their adventuring parties."
							]
						},
						{
							"type": "entries",
							"name": "Creating a Barbarian",
							"entries": [
								"When creating a barbarian character, think about where your character comes from and his or her place in the world. Talk with your DM about an appropriate origin for your barbarian. Did you come from a distant land, making you a stranger in the area of the campaign? Or is the campaign set in a rough-and-tumble frontier where barbarians are common?",
								"What led you to take up the adventuring life? Were you lured to settled lands by the promise of riches? Did you join forces with soldiers of those lands to face a shared threat? Did monsters or an invading horde drive you out of your homeland, making you a rootless refugee? Perhaps you were a prisoner of war, brought in chains to \"civilized\" lands and only now able to win your freedom. Or you might have been cast out from your people because of a crime you committed, a taboo you violated, or a coup that removed you from a position of authority.",
								{
									"type": "entries",
									"name": "Quick Build",
									"entries": [
										"You can make a barbarian quickly by following these suggestions. First, put your highest ability score in Strength, followed by Constitution. Second, choose the {@background outlander} background."
									]
								}
							]
						}
					],
					"source": "PHB",
					"page": 46
				},
				{
					"type": "section",
					"entries": [
						{
							"type": "quote",
							"entries": [
								"I have witnessed the indomitable performance of barbarians on the field of battle, and it makes me wonder what force lies at the heart of their rage."
							],
							"by": "Seret, archwizard"
						},
						"The anger felt by a normal person resembles the rage of a barbarian in the same way that a gentle breeze is akin to a furious thunderstorm. The barbarian's driving force comes from a place that transcends mere emotion, making its manifestation all the more terrible. Whether the impetus for the fury comes entirely from within or from forging a link with a spirit animal, a raging barbarian becomes able to perform supernatural feats of strength and endurance. The outburst is temporary, but while it lasts, it takes over body and mind, driving the barbarian on despite peril and injury, until the last enemy falls.",
						"It can be tempting to play a barbarian character that is a straightforward application of the classic archetype\u2014a brute, and usually a dimwitted one at that, who rushes in where others fear to tread. But not all the barbarians in the world are cut from that cloth, so you can certainly put your own spin on things. Either way, consider adding some flourishes to make your barbarian stand out from all others; see the following sections for some ideas.",
						{
							"type": "quote",
							"entries": [
								"Rawr! I'm really angry! Funny, I don't feel any stronger. Maybe because I'm always angry, I'm always in top condition. Stands to reason."
							],
							"by": "Xanathar"
						},
						{
							"type": "entries",
							"name": "Personal Totems",
							"entries": [
								"Barbarians tend to travel light, carrying little in the way of personal effects or other unnecessary gear. The few possessions they do carry often include small items that have special significance. A personal totem is significant because it has a mystical origin or is tied to an important moment in the character's life\u2014perhaps a remembrance from the barbarian's past or a harbinger of what lies ahead.",
								"A personal totem of this sort might be associated with a barbarian's spirit animal, or might actually be the totem object for the animal, but such a connection is not essential. One who has a bear totem spirit, for instance, could still carry an eagle's feather as a personal totem.",
								"Consider creating one or more personal totems for your character\u2014objects that hold a special link to your character's past or future. Think about how a totem might affect your character's actions.",
								{
									"type": "table",
									"caption": "Personal Totems",
									"colLabels": [
										"{@dice d6}",
										"Totem"
									],
									"colStyles": [
										"col-1 text-center",
										"col-11"
									],
									"rows": [
										[
											{
												"type": "cell",
												"roll": {
													"exact": 1
												}
											},
											"A tuft of fur from a solitary wolf that you befriended during a hunt"
										],
										[
											{
												"type": "cell",
												"roll": {
													"exact": 2
												}
											},
											"Three eagle feathers given to you by a wise shaman, who told you they would play a role in determining your fate"
										],
										[
											{
												"type": "cell",
												"roll": {
													"exact": 3
												}
											},
											"A necklace made from the claws of a young cave bear that you slew singlehandedly as a child"
										],
										[
											{
												"type": "cell",
												"roll": {
													"exact": 4
												}
											},
											"A small leather pouch holding three stones that represent your ancestors"
										],
										[
											{
												"type": "cell",
												"roll": {
													"exact": 5
												}
											},
											"A few small bones from the first beast you killed, tied together with colored wool"
										],
										[
											{
												"type": "cell",
												"roll": {
													"exact": 6
												}
											},
											"An egg-sized stone in the shape of your spirit animal that appeared one day in your belt pouch"
										]
									]
								}
							]
						},
						{
							"type": "entries",
							"name": "Tattoos",
							"entries": [
								"The members of many barbarian clans decorate their bodies with tattoos, each of which represents a significant moment in the life of the bearer or the bearer's ancestors, or which symbolizes a feeling or an attitude. As with personal totems, a barbarian's tattoos might or might not be related to an animal spirit.",
								"Each tattoo a barbarian displays contributes to that individual's identity. If your character wears tattoos, what do they look like, and what do they represent?",
								{
									"type": "table",
									"caption": "Tattoos",
									"colLabels": [
										"{@dice d6}",
										"Tattoo"
									],
									"colStyles": [
										"col-1 text-center",
										"col-11"
									],
									"rows": [
										[
											{
												"type": "cell",
												"roll": {
													"exact": 1
												}
											},
											"The wings of an eagle are spread wide across your upper back."
										],
										[
											{
												"type": "cell",
												"roll": {
													"exact": 2
												}
											},
											"Etched on the backs of your hands are the paws of a cave bear."
										],
										[
											{
												"type": "cell",
												"roll": {
													"exact": 3
												}
											},
											"The symbols of your clan are displayed in viny patterns along your arms."
										],
										[
											{
												"type": "cell",
												"roll": {
													"exact": 4
												}
											},
											"The antlers of an elk are inked across your back."
										],
										[
											{
												"type": "cell",
												"roll": {
													"exact": 5
												}
											},
											"Images of your spirit animal are tattooed along your weapon arm and hand."
										],
										[
											{
												"type": "cell",
												"roll": {
													"exact": 6
												}
											},
											"The eyes of a wolf are marked on your back to help you see and ward off evil spirits."
										]
									]
								}
							]
						},
						{
							"type": "entries",
							"name": "Superstitions",
							"entries": [
								"Barbarians vary widely in how they understand life. Some follow gods and look for guidance from those deities in the cycles of nature and the animals they encounter. These barbarians believe that spirits inhabit the plants and animals of the world, and the barbarians look to them for omens and power.",
								"Other barbarians trust only in the blood that runs in their veins and the steel they hold in their hands. They have no use for the invisible world, instead relying on their senses to hunt and survive like the wild beasts they emulate.",
								"Both of these attitudes can give rise to superstitions. These beliefs are often passed down within a family or shared among the members of a clan or a hunting group.",
								"If your barbarian character has any superstitions, were they ingrained in you by your family, or are they the result of personal experience?",
								{
									"type": "table",
									"caption": "Superstition",
									"colLabels": [
										"{@dice d6}",
										"Superstition"
									],
									"colStyles": [
										"col-1 text-center",
										"col-11"
									],
									"rows": [
										[
											{
												"type": "cell",
												"roll": {
													"exact": 1
												}
											},
											"If you disturb the bones of the dead, you inherit all the troubles that plagued them in life."
										],
										[
											{
												"type": "cell",
												"roll": {
													"exact": 2
												}
											},
											"Never trust a wizard. They're all devils in disguise, especially the friendly ones."
										],
										[
											{
												"type": "cell",
												"roll": {
													"exact": 3
												}
											},
											"Dwarves have lost their spirits, and are almost like the undead. That's why they live underground."
										],
										[
											{
												"type": "cell",
												"roll": {
													"exact": 4
												}
											},
											"Magical things bring trouble. Never sleep with a magic object within ten feet of you."
										],
										[
											{
												"type": "cell",
												"roll": {
													"exact": 5
												}
											},
											"When you walk through a graveyard, be sure to wear silver, or a ghost might jump into your body."
										],
										[
											{
												"type": "cell",
												"roll": {
													"exact": 6
												}
											},
											"If an elf looks you in the eyes, she's trying to read your thoughts."
										]
									]
								}
							]
						}
					],
					"source": "XGE",
					"page": 8
				}
			],
			"images": [
				{
					"type": "image",
					"href": {
						"type": "internal",
						"path": "classes/PHB/Barbarian.webp"
					},
					"width": 959,
					"height": 1000
				}
			]
		},
		{
			"name": "Barbarian",
			"source": "XPHB",
			"entries": [
				{
					"type": "section",
					"name": "Barbarian",
					"source": "XPHB",
					"page": 50,
					"entries": [
						"Barbarians are mighty warriors who are powered by primal forces of the multiverse that manifest as a Rage. More than a mere emotion\u2014and not limited to anger\u2014this Rage is an incarnation of a predator's ferocity, a storm's fury, and a sea's turmoil.",
						"Some Barbarians personify their Rage as a fierce spirit or revered forebear. Others see it as a connection to the pain and anguish of the world, as an impersonal tangle of wild magic, or as an expression of their own deepest self. For every Barbarian, their Rage is a power that fuels not just battle prowess, but also uncanny reflexes and heightened senses.",
						"Barbarians often serve as protectors and leaders in their communities. They charge headlong into danger so those under their protection don't have to. Their courage in the face of danger makes Barbarians perfectly suited for adventure."
					]
				}
			],
			"images": [
				{
					"type": "image",
					"href": {
						"type": "internal",
						"path": "classes/XPHB/Barbarian.webp"
					},
					"credit": "Denman Rooke",
					"width": 1700,
					"height": 2265
				},
				{
					"type": "image",
					"href": {
						"type": "internal",
						"path": "classes/XPHB/039-03-015.barbarian-weapons.webp"
					},
					"credit": "Wayne England",
					"width": 850,
					"height": 1057
				}
			]
		}
	],
	"subclassFluff": [
		{
			"name": "Path of the Totem Warrior",
			"shortName": "Totem Warrior",
			"source": "PHB",
			"className": "Barbarian",
			"classSource": "PHB",
			"images": [
				{
					"type": "image",
					"href": {
						"type": "internal",
						"path": "classes/PHB/Totem Warrior Barbarian.webp"
					},
					"width": 903,
					"height": 1000
				}
			]
		},
		{
			"name": "Path of the Ancestral Guardian",
			"shortName": "Ancestral Guardian",
			"source": "XGE",
			"className": "Barbarian",
			"classSource": "PHB",
			"entries": [
				{
					"type": "quote",
					"entries": [
						"So ancestors are people who did the procreation thing to make more people before you were born? Like how many people?",
						"That's a lot of the procreation thing.",
						"Ew. You're disgusting."
					],
					"by": "Xanathar"
				}
			]
		},
		{
			"name": "Path of the Storm Herald",
			"shortName": "Storm Herald",
			"source": "XGE",
			"className": "Barbarian",
			"classSource": "PHB",
			"entries": [
				{
					"type": "quote",
					"entries": [
						"You know one of the great benefits of living underground? No weather. Don't mess this up for me."
					],
					"by": "Xanathar"
				}
			],
			"images": [
				{
					"type": "image",
					"href": {
						"type": "internal",
						"path": "classes/XGE/Storm Herald Barbarian.webp"
					},
					"width": 1000,
					"height": 491
				}
			]
		},
		{
			"name": "Path of the Beast",
			"shortName": "Beast",
			"source": "TCE",
			"className": "Barbarian",
			"classSource": "PHB",
			"images": [
				{
					"type": "image",
					"href": {
						"type": "internal",
						"path": "classes/TCE/Beast Barbarian.webp"
					},
					"width": 1000,
					"height": 834
				}
			]
		},
		{
			"name": "Path of Wild Magic",
			"shortName": "Wild Magic",
			"source": "TCE",
			"className": "Barbarian",
			"classSource": "PHB",
			"images": [
				{
					"type": "image",
					"href": {
						"type": "internal",
						"path": "classes/TCE/Wild Magic Barbarian.webp"
					},
					"width": 1000,
					"height": 831
				}
			]
		},
		{
			"name": "Path of the Juggernaut",
			"shortName": "Juggernaut",
			"source": "TDCSR",
			"className": "Barbarian",
			"classSource": "PHB",
			"images": [
				{
					"type": "image",
					"href": {
						"type": "internal",
						"path": "classes/TDCSR/Juggernaut Barbarian.webp"
					},
					"width": 850,
					"height": 963
				}
			]
		},
		{
			"name": "Path of the Giant",
			"shortName": "Giant",
			"source": "BGG",
			"className": "Barbarian",
			"classSource": "PHB",
			"images": [
				{
					"type": "image",
					"href": {
						"type": "internal",
						"path": "classes/BGG/Giant Barbarian.webp"
					},
					"width": 850,
					"height": 1222
				}
			]
		},
		{
			"name": "Path of the Berserker",
			"shortName": "Berserker",
			"source": "XPHB",
			"className": "Barbarian",
			"classSource": "XPHB",
			"images": [
				{
					"type": "image",
					"href": {
						"type": "internal",
						"path": "classes/XPHB/Berserker Barbarian.webp"
					},
					"credit": "Nathaniel Himawan",
					"width": 850,
					"height": 2316
				}
			]
		},
		{
			"name": "Path of the Wild Heart",
			"shortName": "Wild Heart",
			"source": "XPHB",
			"className": "Barbarian",
			"classSource": "XPHB",
			"images": [
				{
					"type": "image",
					"href": {
						"type": "internal",
						"path": "classes/XPHB/Wild Heart Barbarian.webp"
					},
					"credit": "Alditha Siregar",
					"width": 850,
					"height": 2108
				}
			]
		},
		{
			"name": "Path of the World Tree",
			"shortName": "World Tree",
			"source": "XPHB",
			"className": "Barbarian",
			"classSource": "XPHB",
			"images": [
				{
					"type": "image",
					"href": {
						"type": "internal",
						"path": "classes/XPHB/World Tree Barbarian.webp"
					},
					"credit": "Marcela Medeiros",
					"width": 850,
					"height": 2013
				}
			]
		},
		{
			"name": "Path of the Zealot",
			"shortName": "Zealot",
			"source": "XPHB",
			"className": "Barbarian",
			"classSource": "XPHB",
			"images": [
				{
					"type": "image",
					"href": {
						"type": "internal",
						"path": "classes/XPHB/Zealot Barbarian.webp"
					},
					"credit": "Ignatius Budi",
					"width": 850,
					"height": 2141
				}
			]
		}
	]
}
