{
	"data": [
		{
			"type": "section",
			"name": "Giants of the Star Forge",
			"id": "000",
			"entries": [
				"{@book Bigby Presents: Glory of the Giants|BGG} offers a wealth of resources to help Dungeon Masters craft their own adventures featuring some of D&D's most enormous monsters. \"Giants of the Star Forge\" draws on the ideas, maps, stat blocks, and other details in the pages of that book, standing as an example of how to put all those pieces together.",
				"You can use {@i Glory of the Giants} to help inspire alterations or expansions to this adventure, and of course to help you create your own adventures and even whole campaigns with giants in prominent roles.",
				{
					"type": "section",
					"name": "Adventure Background",
					"id": "001",
					"entries": [
						"For pious giants, position in the ordning is everything. Brimskarda, a legendary fire giant smith, is discovering what it means to fall in the ordning's ranks. Various missteps in recent years have imperiled her lofty station. To resecure her standing in the ordning and prove that she is still the greatest smith among giants, Brimskarda has reclaimed the legendary Star Forge and set about crafting her greatest creation yet: a titanic war machine called a runic colossus.",
						"As proud as she is, Brimskarda knows that she lacks certain expertise necessary to complete her work. To fill the gaps in her knowledge and learn the secrets of the Star Forge, Brimskarda has kidnapped the renowned human smith Theldin and forced him to toil at the forge alongside her. Complicating matters is the Star Forge's most recent master, a red dragon named Akaanvaerd. Brimskarda's nephews have managed to draw Akaanvaerd away from his lair for now, but it's unclear how long they can keep the territorial dragon distracted.",
						"Work on the runic colossus is almost complete. Unless capable heroes arrive to rescue Theldin or defeat Brimskarda, it's only a matter of time until the region is turned to ash by an angry red dragon, a haughty fire giant, or a destructive war machine.",
						{
							"type": "inset",
							"id": "002",
							"name": "Design Note",
							"entries": [
								"If you have {@book Glory of the Giants|BGG}, you can follow along with the process we used to create this adventure. The basic adventure seed\u2014\"a fire giant captures a renowned Humanoid smith\"\u2014comes from the {@table The Ordning; Fire Giant Skill|BGG|Fire Giant Skill table} ({@book chapter 2|BGG|2}), with additional inspiration from the \"{@book Magnum Opus|BGG|4|Magnum Opus}\" adventure idea connected to the {@book Star Forge|BGG|4|Star Forge Adventures} ({@book chapter 4|BGG|4}). The name of the giant villain comes from the {@table Giants' Names|BGG|Giant Names table} (chapter 2), and the encounters within the Star Forge are inspired by the {@table Fire Giant Encounters|BGG|Fire Giant Encounters table} ({@book chapter 3|BGG|3}) and the {@table Elemental Fire Encounters|BGG|Elemental Fire Encounters table} (chapter 3). The {@book map of the Star Forge|BGG|4|Star Forge Features} is in chapter 4. The giant wrestlers of Fireside Monastery are {@filter firbolgs|bestiary|source=BGG|search=firbolg} ({@book chapter 6|BGG|6}), and several other monsters in the adventure come from the bestiary in chapter 6 ({@creature cinder hulk|BGG}; {@creature fire giant forgecaller|BGG}; {@creature fire giant of Evil Fire|BGG}). Information about {@table Fire Giant Bag Contents; Fire Giant Bag Items|BGG|fire giant bags} ({@book chapter 5|BGG|5}) fills out the treasure characters might acquire along the way."
							]
						}
					]
				},
				{
					"type": "section",
					"name": "Running This Adventure",
					"id": "003",
					"entries": [
						"This adventure is designed for 16th-level characters. It can be run in a single three- or four-hour session.",
						"The adventure begins when a noble emissary asks the characters to rescue the region's greatest smith. The emissary explains that a fire giant named Brimskarda kidnapped the smith and took him to the Star Forge, a giant furnace built in the crater of a fallen star. The party can inquire at the nearby Fireside Monastery for more details about their giant adversary and the Star Forge. The monastery's adherents offer the characters useful information, plus additional aid if the characters compete in the monastery's tests of strength.",
						"To reach the Star Forge, the characters confront or circumvent fire giants battling a red dragon atop the crater's rim. Once in the crater, the characters might face Brimskarda's minions around the Star Forge. In the Star Forge itself, the characters meet Brimskarda, who is loath to give up her prisoner without a fight. The adventure ends when the characters rescue the kidnapped smith.",
						{
							"type": "entries",
							"name": "Adventure Hooks",
							"id": "004",
							"entries": [
								"If the prospect of doing a good deed isn't enough to entice the characters, you can further motivate the party with either of the following hooks:",
								{
									"type": "list",
									"style": "list-hang-notitle",
									"items": [
										{
											"type": "item",
											"name": "Acidic Lake",
											"entry": "Water from the nearby mountain has become acidic, poisoning people, livestock, and wildlife who drink from any of the nearby streams. Acid seeping from a fallen star into an alpine lake is causing the pollution. Repairing the magical runestones at the lake's center should make the water safe again."
										},
										{
											"type": "item",
											"name": "Legend of the Star Forge",
											"entry": "The characters learn the location of the Star Forge, a furnace built by giants eons ago at the spot where a star fell to the earth. A talented enough smith could use the Star Forge to craft a legendary weapon or suit of armor. Word has it that one such smith has recently been seen at the forge."
										}
									]
								}
							]
						}
					]
				},
				{
					"type": "section",
					"name": "Getting Started",
					"id": "005",
					"entries": [
						"The adventure begins when the characters are approached by a knight named Evin Giltall (lawful good, human {@creature knight}). Evin beseeches the characters to rescue his uncle Theldin, who was kidnapped by a fire giant named Brimskarda.",
						"In the course of their conversation, Evin conveys the following points to the characters:",
						{
							"type": "list",
							"style": "list-hang-notitle",
							"items": [
								{
									"type": "item",
									"name": "Forced Labor",
									"entry": "A week ago, Brimskarda and her nephews visited the city from which Evin and Theldin hail and demanded to speak with Theldin, a legendary crafter whose blades have made the city rich and famous. Though he answered Brimskarda's call, Theldin rejected the giant's demands for him to come with her to the Star Forge. Last night, the giants returned to the city and took Theldin by force."
								},
								{
									"type": "item",
									"name": "Star Forge",
									"entry": "Giants built the Star Forge eons ago in a crater up the mountain. The site is named after the fallen star that formed the crater and that the founding giants harnessed to power a massive furnace."
								},
								{
									"type": "item",
									"name": "Fireside Monastery",
									"entry": "Evin suggests the characters visit the ancient monastery partway up the mountain. \"The students there have a long tradition of fighting giants,\" he says. \"They might know more about Brimskarda and the Star Forge.\""
								}
							]
						},
						"If prompted for a reward, Evin says the city can afford to offer 5,000 gp for Theldin's safe return. A character who succeeds on a {@dc 13} Charisma ({@skill Persuasion}) check can get Evin to increase the reward to 8,000 gp and secures Evin's promise that Theldin will craft the characters a magic item in exchange for the party's effort. \"I'm sure Theldin would be happy to craft you anything you like,\" Evin says, \"as long as he can do so from the comfort of his own forge.\"",
						"Once the players are ready to continue, proceed to the \"Fireside Monastery\" section below."
					]
				},
				{
					"type": "section",
					"name": "Fireside Monastery",
					"id": "006",
					"entries": [
						"The Fireside Monastery is the name of an ancient stone cloister about ten miles up the mountain from Evin and Theldin's home city and five miles downslope from the Star Forge. Ascetics and mystics from all walks of life seek enlightenment within the monastery's halls, including a significant number of firbolgs (Humanoids believed to be distantly related to giants). The Fireside Monastery's most famous aspirants are hardy firbolg martial artists who call themselves giant wrestlers.",
						{
							"type": "entries",
							"name": "Fireside Giant Wrestlers",
							"id": "007",
							"entries": [
								"A Fireside giant wrestler uses the {@creature firbolg wanderer|BGG} stat block (see the {@area appendix|039|x})."
							]
						},
						{
							"type": "entries",
							"name": "Meeting Diasma",
							"id": "008",
							"entries": [
								"The most senior giant wrestler at the Fireside Monastery is a lawful good firbolg named Diasma. She meets the characters at the stone archway marking the monastery's entrance, then ushers them to a sitting room to answer their questions about the Star Forge.",
								"Diasma conveys the following information to the characters during their conversation:",
								{
									"type": "list",
									"style": "list-hang-notitle",
									"items": [
										{
											"type": "item",
											"name": "Acidic Lake",
											"entry": "One of the runestones stabilizing the star beneath the Star Forge has been damaged, causing dangerous acid to seep into the surrounding lake. The acidic lake has attracted evil creatures from the Elemental Planes and poses great danger to anyone who goes near the water. Giant smiths at the Star Forge once used magical rings to protect themselves against acidic compounds; the characters might be able to find such rings in one of the shelters around the lake."
										},
										{
											"type": "item",
											"name": "Disgraced Giant",
											"entry": "Diasma knows Brimskarda by reputation. Once the fire giant was well regarded among her kin, holding a position of great power in what giants call the ordning. However, Brimskarda's standing has waned in recent years. Brimskarda's scheme to kidnap Theldin and exploit his skill is no doubt part of a plan to increase her standing, likely by using Theldin to craft something horrible and deadly that will set Brimskarda apart from giantkind."
										},
										{
											"type": "item",
											"name": "Lair of the Red Dragon",
											"entry": "Before Brimskarda's takeover, an evil red dragon named Akaanvaerd controlled the Star Forge. Brimskarda's minions lured Akaanvaerd to the crater's outskirts, but it's only a matter of time before the enraged dragon overcomes the fire giants and lays waste to everyone in his lair."
										}
									]
								},
								"After Diasma shares what she knows, she issues the party a challenge in exchange for further help from the monastery. Run the \"{@area Fireside Contests|00b|x}\" section below.",
								{
									"type": "entries",
									"name": "Roleplaying Diasma",
									"id": "009",
									"entries": [
										"Diasma is a serene but playful adventurer whose primary interests are giantkind and the natural world. A few years ago, she took up residence at the Fireside Monastery, where she quickly rose through the ranks to become one of the monastery's best giant wrestlers. She still considers herself an adventurer, though, and has recently begun to feel the itch of wanderlust. The characters' quest to rid the Star Forge of evil giants might just be the impetus Diasma needs to leave the monastery and continue her adventuring career."
									]
								},
								{
									"type": "entries",
									"name": "Diasma's Challenge",
									"id": "00a",
									"entries": [
										"Diasma questions whether the characters have what it takes to compete with fire giants. She offers to put their skills to the test by challenging them to the monastery's three Fireside contests. To make the challenge more enticing, Diasma says that for each contest the characters win, she will award the party some additional aid in their quest.",
										"These contests are optional; the characters can proceed to the Star Forge at any time."
									]
								}
							]
						},
						{
							"type": "entries",
							"name": "Fireside Contests",
							"id": "00b",
							"entries": [
								"The Fireside contests are described below. They can be run in any order. The rules of the Fireside contests are as follows.",
								{
									"type": "entries",
									"id": "00c",
									"entries": [
										{
											"type": "entries",
											"name": "Competitors",
											"id": "00d",
											"entries": [
												"Any number of characters can partake in each contest, but each contest is held only once. After hearing a contest's objective, all the characters who wish to compete in the contest must do so at the same time."
											]
										},
										{
											"type": "entries",
											"name": "Objective",
											"id": "00e",
											"entries": [
												"To win a contest, a character must complete the contest's objective before the other competitors. The objective for each contest is included in the contest descriptions that follow."
											]
										},
										{
											"type": "entries",
											"name": "Opponent and Conduct",
											"id": "00f",
											"entries": [
												"One Fireside giant wrestler competes in each contest against any characters who take part. Purposefully dealing damage to another competitor immediately disqualifies the attacker. Other forms of interference\u2014such as tripping or distracting\u2014are permitted but are considered poor play. Using magic and supernatural abilities is not only allowed but expected."
											]
										},
										{
											"type": "entries",
											"name": "Prizes",
											"id": "010",
											"entries": [
												"As long as at least one character wins a contest, the party earns that contest's prize. Each contest's prize is indicated in the contest's description below. Regardless of how many characters win a particular contest, only one prize is awarded per contest."
											]
										}
									]
								},
								{
									"type": "entries",
									"name": "Fire Giant's Spirit",
									"id": "011",
									"entries": [
										"Diasma leads the party to the base of a 100-foot-tall cliff. A series of hempen ropes dangle from the clifftop. Each competitor must climb one of these ropes. The first competitor to reach the clifftop wins the contest. A competitor who stops touching one of the ropes at any point is disqualified.",
										"At the start of the contest's second round, wrestlers atop the cliff dribble boiling oil down each rope. A creature that starts its turn holding onto the oily rope takes 5 ({@dice 2d4}) fire damage, or half as much damage with a successful {@dc 10} Dexterity saving throw. A creature must succeed on a {@dc 15} Strength ({@skill Athletics}) check to climb an oily rope. Failing this check by 5 or more causes the creature to fall.",
										{
											"type": "entries",
											"name": "Prize",
											"id": "012",
											"entries": [
												"If a character wins the contest of fire giant's spirit, Diasma awards the party a {@item potion of fire giant strength}."
											]
										}
									]
								},
								{
									"type": "entries",
									"name": "Cloud Giant's Grace",
									"id": "013",
									"entries": [
										"Each competitor must carry a 200-pound boulder across a 150-foot-wide lava field. If the boulder touches the ground, the competitor is disqualified. The first competitor to reach the other end of the lava field without dropping the boulder wins the contest.",
										"The lava field is a smooth tract of hardened lava that still smolders with intense heat. A creature that ends its turn touching the ground of the lava field takes 21 ({@dice 6d6}) fire damage.",
										"At the start of the contest's second round, a volcano erupts, sending large boulders crashing down the mountainside. At the start of each competitor's turn, the competitor must succeed on a {@dc 14} Dexterity saving throw or have the {@condition prone} condition. The boulders settle across the lava field at the end of the second round, creating potential safe spots for competitors to jump between to avoid touching the lava field.",
										{
											"type": "entries",
											"name": "Prize",
											"id": "014",
											"entries": [
												"If a character wins the contest of cloud giant's grace, Diasma awards the party a {@item potion of flying}."
											]
										}
									]
								},
								{
									"type": "entries",
									"name": "Stone Giant's Resolve",
									"id": "015",
									"entries": [
										"Each competitor must sit or stand atop a wooden post beneath a roaring waterfall. If a competitor's body ceases to be in contact with the wooden post, the competitor is disqualified. The last competitor touching their wooden post wins the contest.",
										"Each competitor is coated in a magical mud paste. After 1 minute, the paste hardens into a protective barrier as hard as stone. However, a single movement causes the mud barrier to crack, ruining its protection. After the paste is applied but before it hardens, each competitor can take a place on a wooden post beneath a waterfall whose river has been temporarily dammed. The contest begins when each competitor's mud paste has hardened and the dam is removed.",
										"This is a contest of willpower, not fortitude. The crashing waterfall is almost deafening, and the sensation of being encased in mud is unpleasant. At the end of a mud-encased competitor's turn, that competitor must make a {@dc 14} Wisdom saving throw. On a failed save, the competitor flinches, causing the mud barrier to crack. If the barrier cracks, at the start of each of the competitor's turns, the competitor must succeed on a {@dc 20} Strength saving throw or be pushed 15 feet from the waterfall and have the {@condition prone} condition.",
										{
											"type": "entries",
											"name": "Prize",
											"id": "016",
											"entries": [
												"If a character wins the contest of stone giant's resolve, Diasma awards the party a {@item Quaal's Feather Token, Tree||Quaal's feather token (tree)}."
											]
										}
									]
								},
								{
									"type": "entries",
									"name": "Concluding the Contests",
									"id": "017",
									"entries": [
										"If the party wins two or more of the contests, Diasma is thoroughly impressed. She and three of her fellow giant wrestlers offer to accompany the party to the Star Forge. Diasma explains that while the giant wrestlers are convinced the characters can accomplish their goal, they want to help, and they will relish the chance to practice their training against some fire giants."
									]
								}
							]
						}
					]
				},
				{
					"type": "section",
					"name": "Star Forge",
					"id": "018",
					"entries": [
						"The Star Forge is located in a large crater near the top of the mountain where a falling star struck a ridge and displaced millions of tons of rock. The displaced rock formed a 150-foot-tall rim around the crater's basin. Snowmelt and precipitation gradually smoothed out the crater floor and filled it with water. A mound of rubble forms an island in the crater's center around the fallen star, atop which ancient giants constructed the Star Forge.",
						"From the Fireside Monastery, it's a three-hour hike to the crater's rim.",
						{
							"type": "entries",
							"name": "Battle on the Crater Rim",
							"id": "019",
							"entries": [
								"On the rim of the Star Forge's crater, four {@creature Fire Giant||fire giants} harry the {@creature adult red dragon} Akaanvaerd. The five combatants move around the crater's rim while fighting, effectively patrolling the perimeter. If the characters don't want to alert these enemies to their presence at the Star Forge, they need to sneak toward the crater's floor.",
								"To sneak into the crater unseen, the party must make a group Dexterity ({@skill Stealth}) check. The DC is 23 to avoid the notice of Akaanvaerd. On a failed check, Akaanvaerd spots the characters, but he doesn't pursue them immediately. At your discretion, the dragon might arrive at the Star Forge just in time to complicate (or simplify, depending on how things go) the party's encounter with Brimskarda.",
								"To avoid only the fire giants' notice, the DC of the group Dexterity ({@skill Stealth}) check is 16. If the characters fail this check, two fire giants break off and attack the party on the crater's rim.",
								{
									"type": "entries",
									"id": "01a",
									"entries": [
										{
											"type": "entries",
											"name": "Wrestlers' Aid",
											"id": "01b",
											"entries": [
												"If any Fireside giant wrestlers are with the party, the wrestlers rush off to distract the giants, and the characters automatically succeed on their group Dexterity ({@skill Stealth}) check. \"We'll hold them off,\" one wrestler yells back excitedly. \"Go to the Star Forge. We can take care of a few runts!\" In this case, Akaanvaerd and the fire giants are too confounded by the pesky wrestlers to notice the characters."
											]
										}
									]
								},
								{
									"type": "entries",
									"name": "Beseeching Akaanvaerd",
									"id": "01c",
									"entries": [
										"Parleying with a red dragon is a perilous feat, but a feat that bold characters might nonetheless attempt.",
										"If the characters defeat the four fire giants on the crater rim and supplicate themselves to the dragon, Akaanvaerd swoops down to inspect the interlopers. He has no interest in the characters' quest but considers whether he can use these little ones to further his own aims. Namely, Akaanvaerd wants to seize his lair\u2014the Star Forge\u2014from the fire giants who invaded it.",
										"A character who succeeds on a {@dc 15} Charisma ({@skill Deception} or {@skill Persuasion}) check convinces Akaanvaerd to refrain from attacking the characters as long as the fire giants remain at the Star Forge. In this case, Akaanvaerd might fly ahead to soften up the fire giants before the characters arrive, or he might retreat for a few hours to lick his wounds before returning to incinerate anyone still in his lair.",
										"Akaanvaerd is supremely proud and frames any alliance brokered with the characters as strictly a favor on his part. Any insinuation to the contrary garners his scorn and foils any attempts at negotiation."
									]
								}
							]
						},
						{
							"type": "entries",
							"name": "Entering the Crater",
							"id": "01d",
							"entries": [
								"Read aloud the following to describe what the characters see in the crater:",
								{
									"type": "insetReadaloud",
									"id": "01e",
									"entries": [
										"You stand atop a roughly circular ridge nestled into the mountainside. The ridge overlooks a massive crater, in the center of which is a stone structure that glows brightly from within. A shallow lake surrounds the island on which the stone structure stands. Similar, smaller structures dot the lake's shore. The way into the crater's basin is a hazardous slope of loose scree."
									]
								},
								"From the crater's rim, it's a 150-foot descent to the lake's edge. The safest path to the lake is a series of switchbacks along the crater's southern slope; a character can spot these switchbacks with a successful {@dc 12} Wisdom ({@skill Perception}) check. Characters who take this path arrive at the crater floor just south of {@area area 1|021|x} (see the \"{@area Star Forge Locations|020|x}\" section). A creature that travels by foot along any other part of the slope must succeed on a {@dc 12} Dexterity ({@skill Acrobatics}) check to maintain its balance on the hazardous scree. On a failed check, the creature tumbles down the steep slope; the creature takes 21 ({@dice 6d6}) bludgeoning damage and has the {@condition prone} condition when it reaches the crater floor."
							]
						},
						{
							"type": "entries",
							"name": "Star Forge Features",
							"id": "01f",
							"entries": [
								"Areas around the Star Forge share the following features:",
								{
									"type": "list",
									"style": "list-hang-notitle",
									"items": [
										{
											"type": "item",
											"name": "Ceilings",
											"entry": "The ceiling inside the Star Forge is 100 feet high. Ceilings in any of the shelters around the lake are 50 feet high."
										},
										{
											"type": "item",
											"name": "Light",
											"entry": "The forge itself is a great housing of iron. Pipes extend from a central vessel, channeling the radiance of the forge into a vent so bright it's painful to look at. Giant runes etched on the iron flare with white light. The Star Forge sheds bright light for 100 feet and dim light for another 100 feet. An Undead that starts its turn in the bright light takes 3 ({@dice 1d6}) radiant damage. On a clear night, the light is visible for 300 miles."
										},
										{
											"type": "item",
											"name": "Walls",
											"entry": "The walls of the Star Forge and the shelters around the lake are made from stone reinforced with iron. A 5-foot section of wall has AC 18, 20 hit points, and immunity to poison and psychic damage."
										}
									]
								}
							]
						},
						{
							"type": "entries",
							"name": "Star Forge Locations",
							"id": "020",
							"entries": [
								"These locations are keyed to the map.",
								{
									"type": "gallery",
									"images": [
										{
											"type": "image",
											"href": {
												"type": "internal",
												"path": "adventure/GotSF/000-map-0.01-star-forge.webp"
											},
											"imageType": "map",
											"title": "Map: Star Forge",
											"width": 4200,
											"height": 5700,
											"id": "03a",
											"mapRegions": [
												{
													"area": "021",
													"points": [
														[
															1982,
															5455
														],
														[
															1982,
															3660
														],
														[
															2280,
															3660
														],
														[
															2280,
															5455
														]
													]
												},
												{
													"area": "023",
													"points": [
														[
															1967,
															3767
														],
														[
															1927,
															3755
														],
														[
															1912,
															3722
														],
														[
															1837,
															3685
														],
														[
															1792,
															3612
														],
														[
															1772,
															3627
														],
														[
															1670,
															3617
														],
														[
															1662,
															3592
														],
														[
															1610,
															3572
														],
														[
															1607,
															3537
														],
														[
															1517,
															3487
														],
														[
															1520,
															3442
														],
														[
															1542,
															3410
														],
														[
															1530,
															3342
														],
														[
															1480,
															3190
														],
														[
															1500,
															3172
														],
														[
															1537,
															3082
														],
														[
															1532,
															3042
														],
														[
															1500,
															3040
														],
														[
															1425,
															2982
														],
														[
															1405,
															2892
														],
														[
															1440,
															2872
														],
														[
															1517,
															2872
														],
														[
															1562,
															2790
														],
														[
															1550,
															2777
														],
														[
															1607,
															2642
														],
														[
															1605,
															2607
														],
														[
															1545,
															2547
														],
														[
															1550,
															2495
														],
														[
															1605,
															2462
														],
														[
															1612,
															2390
														],
														[
															1572,
															2362
														],
														[
															1562,
															2297
														],
														[
															1537,
															2285
														],
														[
															1515,
															2302
														],
														[
															1495,
															2280
														],
														[
															1510,
															2225
														],
														[
															1445,
															2165
														],
														[
															1442,
															2057
														],
														[
															1480,
															2030
														],
														[
															1512,
															2017
														],
														[
															1510,
															2000
														],
														[
															1575,
															1932
														],
														[
															1580,
															1860
														],
														[
															1552,
															1845
														],
														[
															1552,
															1747
														],
														[
															1580,
															1757
														],
														[
															1612,
															1730
														],
														[
															1672,
															1657
														],
														[
															1670,
															1627
														],
														[
															1715,
															1577
														],
														[
															1757,
															1565
														],
														[
															1747,
															1545
														],
														[
															1797,
															1482
														],
														[
															1835,
															1465
														],
														[
															1832,
															1452
														],
														[
															1875,
															1350
														],
														[
															1890,
															1372
														],
														[
															1965,
															1360
														],
														[
															1967,
															1345
														],
														[
															2080,
															1287
														],
														[
															2175,
															1305
														],
														[
															2192,
															1295
														],
														[
															2200,
															1302
														],
														[
															2300,
															1340
														],
														[
															2305,
															1350
														],
														[
															2350,
															1375
														],
														[
															2355,
															1410
														],
														[
															2395,
															1432
														],
														[
															2420,
															1427
														],
														[
															2480,
															1400
														],
														[
															2545,
															1460
														],
														[
															2550,
															1477
														],
														[
															2572,
															1500
														],
														[
															2602,
															1497
														],
														[
															2617,
															1507
														],
														[
															2637,
															1575
														],
														[
															2672,
															1637
														],
														[
															2655,
															1657
														],
														[
															2652,
															1685
														],
														[
															2635,
															1715
														],
														[
															2662,
															1720
														],
														[
															2722,
															1777
														],
														[
															2715,
															1790
														],
														[
															2742,
															1867
														],
														[
															2752,
															1930
														],
														[
															2792,
															1920
														],
														[
															2802,
															1937
														],
														[
															2752,
															2032
														],
														[
															2727,
															2035
														],
														[
															2730,
															2067
														],
														[
															2707,
															2145
														],
														[
															2727,
															2165
														],
														[
															2720,
															2202
														],
														[
															2667,
															2250
														],
														[
															2670,
															2310
														],
														[
															2652,
															2290
														],
														[
															2577,
															2320
														],
														[
															2582,
															2357
														],
														[
															2607,
															2367
														],
														[
															2655,
															2392
														],
														[
															2655,
															2455
														],
														[
															2645,
															2485
														],
														[
															2695,
															2545
														],
														[
															2687,
															2565
														],
														[
															2645,
															2577
														],
														[
															2602,
															2555
														],
														[
															2595,
															2520
														],
														[
															2572,
															2515
														],
														[
															2555,
															2545
														],
														[
															2512,
															2550
														],
														[
															2472,
															2575
														],
														[
															2450,
															2610
														],
														[
															2465,
															2652
														],
														[
															2497,
															2662
														],
														[
															2507,
															2692
														],
														[
															2507,
															2742
														],
														[
															2552,
															2775
														],
														[
															2610,
															2880
														],
														[
															2647,
															2960
														],
														[
															2647,
															2985
														],
														[
															2622,
															2985
														],
														[
															2575,
															3047
														],
														[
															2595,
															3075
														],
														[
															2615,
															3140
														],
														[
															2587,
															3167
														],
														[
															2577,
															3230
														],
														[
															2540,
															3365
														],
														[
															2537,
															3395
														],
														[
															2515,
															3457
														],
														[
															2485,
															3485
														],
														[
															2443,
															3501
														],
														[
															2459,
															3528
														],
														[
															2450,
															3586
														],
														[
															2422,
															3597
														],
														[
															2474,
															3656
														],
														[
															2472,
															3709
														],
														[
															2432,
															3694
														],
														[
															2382,
															3728
														],
														[
															2382,
															3738
														],
														[
															2331,
															3758
														],
														[
															2296,
															3794
														],
														[
															2291,
															4989
														],
														[
															2342,
															4974
														],
														[
															2403,
															4974
														],
														[
															2518,
															4944
														],
														[
															2570,
															4936
														],
														[
															2637,
															4896
														],
														[
															2736,
															4856
														],
														[
															2832,
															4824
														],
														[
															2886,
															4776
														],
														[
															2954,
															4757
														],
														[
															2989,
															4714
														],
														[
															3134,
															4638
														],
														[
															3200,
															4611
														],
														[
															3270,
															4550
														],
														[
															3290,
															4485
														],
														[
															3382,
															4403
														],
														[
															3426,
															4390
														],
														[
															3469,
															4342
														],
														[
															3504,
															4272
														],
														[
															3528,
															4253
														],
														[
															3522,
															4213
														],
														[
															3509,
															4190
														],
														[
															3499,
															4122
														],
														[
															3518,
															4046
														],
														[
															3542,
															3997
														],
														[
															3578,
															3966
														],
														[
															3618,
															3896
														],
														[
															3648,
															3875
														],
														[
															3670,
															3851
														],
														[
															3658,
															3819
														],
														[
															3645,
															3789
														],
														[
															3629,
															3776
														],
														[
															3614,
															3720
														],
														[
															3534,
															3728
														],
														[
															3534,
															3624
														],
														[
															3546,
															3598
														],
														[
															3611,
															3598
														],
														[
															3635,
															3534
														],
														[
															3678,
															3461
														],
														[
															3707,
															3430
														],
														[
															3739,
															3394
														],
														[
															3734,
															3360
														],
														[
															3771,
															3306
														],
														[
															3797,
															3278
														],
														[
															3829,
															3270
														],
														[
															3832,
															3235
														],
														[
															3837,
															3192
														],
														[
															3763,
															3102
														],
														[
															3728,
															3080
														],
														[
															3701,
															3029
														],
														[
															3704,
															2974
														],
														[
															3675,
															2952
														],
														[
															3648,
															2934
														],
														[
															3629,
															2894
														],
														[
															3597,
															2843
														],
														[
															3589,
															2811
														],
														[
															3600,
															2784
														],
														[
															3587,
															2766
														],
														[
															3614,
															2635
														],
														[
															3624,
															2579
														],
														[
															3613,
															2549
														],
														[
															3614,
															2515
														],
														[
															3595,
															2486
														],
														[
															3598,
															2395
														],
														[
															3618,
															2374
														],
														[
															3619,
															2293
														],
														[
															3608,
															2232
														],
														[
															3622,
															2202
														],
														[
															3635,
															2187
														],
														[
															3626,
															2130
														],
														[
															3594,
															2064
														],
														[
															3563,
															2013
														],
														[
															3539,
															1979
														],
														[
															3515,
															1950
														],
														[
															3507,
															1875
														],
														[
															3475,
															1824
														],
														[
															3450,
															1795
														],
														[
															3432,
															1746
														],
														[
															3398,
															1685
														],
														[
															3408,
															1640
														],
														[
															3376,
															1570
														],
														[
															3371,
															1539
														],
														[
															3378,
															1517
														],
														[
															3357,
															1469
														],
														[
															3312,
															1437
														],
														[
															3267,
															1414
														],
														[
															3226,
															1374
														],
														[
															3210,
															1320
														],
														[
															3198,
															1264
														],
														[
															3218,
															1246
														],
														[
															3216,
															1206
														],
														[
															3198,
															1166
														],
														[
															3157,
															1150
														],
														[
															3131,
															1123
														],
														[
															3096,
															1083
														],
														[
															3070,
															1058
														],
														[
															3075,
															997
														],
														[
															3040,
															955
														],
														[
															3016,
															915
														],
														[
															3005,
															874
														],
														[
															2971,
															846
														],
														[
															2909,
															829
														],
														[
															2866,
															840
														],
														[
															2811,
															829
														],
														[
															2768,
															835
														],
														[
															2685,
															856
														],
														[
															2667,
															883
														],
														[
															2619,
															896
														],
														[
															2568,
															898
														],
														[
															2522,
															874
														],
														[
															2494,
															843
														],
														[
															2474,
															802
														],
														[
															2443,
															778
														],
														[
															2422,
															758
														],
														[
															2411,
															722
														],
														[
															2381,
															704
														],
														[
															2328,
															693
														],
														[
															2304,
															677
														],
														[
															2258,
															666
														],
														[
															2224,
															642
														],
														[
															2187,
															600
														],
														[
															2170,
															571
														],
														[
															2125,
															568
														],
														[
															2080,
															560
														],
														[
															2058,
															597
														],
														[
															2013,
															622
														],
														[
															1971,
															651
														],
														[
															1899,
															678
														],
														[
															1848,
															696
														],
														[
															1789,
															706
														],
														[
															1734,
															734
														],
														[
															1702,
															746
														],
														[
															1680,
															774
														],
														[
															1637,
															790
														],
														[
															1589,
															800
														],
														[
															1560,
															789
														],
														[
															1491,
															826
														],
														[
															1477,
															854
														],
														[
															1442,
															904
														],
														[
															1414,
															955
														],
														[
															1349,
															1016
														],
														[
															1291,
															1026
														],
														[
															1253,
															1014
														],
														[
															1211,
															1005
														],
														[
															1147,
															1032
														],
														[
															1093,
															1061
														],
														[
															1048,
															1093
														],
														[
															1046,
															1126
														],
														[
															1013,
															1174
														],
														[
															970,
															1216
														],
														[
															928,
															1246
														],
														[
															898,
															1267
														],
														[
															877,
															1309
														],
														[
															837,
															1355
														],
														[
															798,
															1378
														],
														[
															754,
															1418
														],
														[
															717,
															1451
														],
														[
															718,
															1493
														],
														[
															690,
															1538
														],
														[
															685,
															1579
														],
														[
															688,
															1610
														],
														[
															704,
															1650
														],
														[
															702,
															1707
														],
														[
															738,
															1762
														],
														[
															746,
															1811
														],
														[
															726,
															1840
														],
														[
															701,
															1890
														],
														[
															680,
															1936
														],
														[
															645,
															1968
														],
														[
															621,
															2010
														],
														[
															626,
															2054
														],
														[
															610,
															2120
														],
														[
															589,
															2203
														],
														[
															595,
															2237
														],
														[
															582,
															2294
														],
														[
															582,
															2413
														],
														[
															608,
															2435
														],
														[
															630,
															2474
														],
														[
															650,
															2518
														],
														[
															683,
															2544
														],
														[
															691,
															2594
														],
														[
															688,
															2642
														],
														[
															672,
															2677
														],
														[
															621,
															2718
														],
														[
															557,
															2754
														],
														[
															520,
															2776
														],
														[
															496,
															2803
														],
														[
															498,
															2848
														],
														[
															475,
															2896
														],
														[
															467,
															2949
														],
														[
															432,
															2981
														],
														[
															384,
															3003
														],
														[
															357,
															3056
														],
														[
															341,
															3114
														],
														[
															347,
															3147
														],
														[
															373,
															3184
														],
														[
															403,
															3195
														],
														[
															424,
															3234
														],
														[
															451,
															3266
														],
														[
															472,
															3286
														],
														[
															530,
															3296
														],
														[
															578,
															3338
														],
														[
															605,
															3381
														],
														[
															602,
															3418
														],
														[
															608,
															3483
														],
														[
															632,
															3611
														],
														[
															699,
															3685
														],
														[
															728,
															3733
														],
														[
															744,
															3782
														],
														[
															758,
															3808
														],
														[
															755,
															3888
														],
														[
															738,
															3947
														],
														[
															733,
															3986
														],
														[
															774,
															4046
														],
														[
															808,
															4067
														],
														[
															850,
															4128
														],
														[
															875,
															4195
														],
														[
															915,
															4245
														],
														[
															970,
															4277
														],
														[
															998,
															4333
														],
														[
															1038,
															4418
														],
														[
															1042,
															4486
														],
														[
															1067,
															4555
														],
														[
															1112,
															4590
														],
														[
															1149,
															4685
														],
														[
															1163,
															4734
														],
														[
															1163,
															4806
														],
														[
															1208,
															4846
														],
														[
															1272,
															4854
														],
														[
															1330,
															4862
														],
														[
															1379,
															4882
														],
														[
															1406,
															4909
														],
														[
															1459,
															4934
														],
														[
															1501,
															4970
														],
														[
															1549,
															4994
														],
														[
															1632,
															5021
														],
														[
															1712,
															5037
														],
														[
															1771,
															5035
														],
														[
															1827,
															5002
														],
														[
															1882,
															4970
														],
														[
															1933,
															4965
														],
														[
															1967,
															4976
														]
													]
												},
												{
													"area": "026",
													"points": [
														[
															3587,
															4267
														],
														[
															3587,
															4008
														],
														[
															3702,
															4008
														],
														[
															3702,
															3470
														],
														[
															3974,
															3470
														],
														[
															3974,
															4030
														],
														[
															3910,
															4030
														],
														[
															3910,
															4267
														]
													]
												},
												{
													"area": "02a",
													"points": [
														[
															1997,
															3646
														],
														[
															2013,
															3595
														],
														[
															2014,
															3562
														],
														[
															2064,
															3490
														],
														[
															2090,
															3435
														],
														[
															2122,
															3400
														],
														[
															2155,
															3318
														],
														[
															2192,
															3224
														],
														[
															2203,
															3166
														],
														[
															2200,
															3094
														],
														[
															2179,
															3062
														],
														[
															2136,
															2978
														],
														[
															2090,
															2898
														],
														[
															2066,
															2835
														],
														[
															2042,
															2760
														],
														[
															2050,
															2706
														],
														[
															2032,
															2635
														],
														[
															2035,
															2522
														],
														[
															2019,
															2451
														],
														[
															2005,
															2422
														],
														[
															2096,
															2430
														],
														[
															2216,
															2432
														],
														[
															2261,
															2422
														],
														[
															2250,
															2485
														],
														[
															2230,
															2565
														],
														[
															2230,
															2632
														],
														[
															2208,
															2680
														],
														[
															2211,
															2763
														],
														[
															2261,
															2806
														],
														[
															2302,
															2886
														],
														[
															2355,
															2981
														],
														[
															2352,
															3035
														],
														[
															2344,
															3066
														],
														[
															2365,
															3106
														],
														[
															2368,
															3165
														],
														[
															2387,
															3203
														],
														[
															2342,
															3291
														],
														[
															2339,
															3342
														],
														[
															2298,
															3397
														],
														[
															2280,
															3429
														],
														[
															2285,
															3506
														],
														[
															2262,
															3549
														],
														[
															2250,
															3598
														],
														[
															2253,
															3646
														]
													]
												},
												{
													"area": "02d",
													"points": [
														[
															1838,
															2534
														],
														[
															1838,
															2307
														],
														[
															2418,
															2307
														],
														[
															2418,
															2534
														],
														[
															2299,
															2534
														],
														[
															2299,
															2391
														],
														[
															2219,
															2392
														],
														[
															2125,
															2384
														],
														[
															1986,
															2373
														],
														[
															1986,
															2534
														]
													]
												},
												{
													"area": "030",
													"points": [
														[
															1854,
															2275
														],
														[
															1854,
															1880
														],
														[
															1854,
															1571
														],
														[
															2045,
															1380
														],
														[
															2200,
															1380
														],
														[
															2390,
															1570
														],
														[
															2390,
															1880
														],
														[
															2390,
															2275
														]
													]
												}
											],
											"hrefThumbnail": {
												"type": "internal",
												"path": "adventure/GotSF/thumbnail/000-map-0.01-star-forge.webp"
											},
											"grid": {
												"type": "square",
												"size": 180,
												"offsetX": -7,
												"offsetY": -2,
												"scale": 3,
												"distance": 10
											}
										},
										{
											"type": "image",
											"href": {
												"type": "internal",
												"path": "adventure/GotSF/001-map-0.01-star-forge-player.webp"
											},
											"imageType": "map",
											"title": "Player Version",
											"width": 4200,
											"height": 5700,
											"mapParent": {
												"id": "03a"
											},
											"grid": {
												"type": "square",
												"size": 180,
												"offsetX": -7,
												"offsetY": -2,
												"scale": 3,
												"distance": 10
											},
											"id": "03c"
										}
									]
								},
								{
									"type": "entries",
									"name": "1: Broken Bridge",
									"id": "021",
									"entries": [
										{
											"type": "insetReadaloud",
											"id": "022",
											"entries": [
												"Crumbling piers and shattered bits of arches are all that remain of this broken stone bridge."
											]
										},
										"When the characters reach the bridge, three apparitions of acidic mist float up from the lake below to meet the party. The apparitions are vaguely human-shaped and are hostile toward the characters. Each {@creature Acidic Mist Apparition|GotSF|apparition} uses the {@creature air elemental} stat block with the following changes:",
										{
											"type": "list",
											"items": [
												"The apparition has immunity to acid damage.",
												"The apparition's Slam attack deals acid damage instead of bludgeoning damage."
											]
										}
									]
								},
								{
									"type": "entries",
									"name": "2: Acidic Lake",
									"id": "023",
									"entries": [
										{
											"type": "insetReadaloud",
											"id": "024",
											"entries": [
												"A lake of bubbling water rings the island at the center of this crater. The water is violently turquoise and radiates acrid vapors."
											]
										},
										"The lake is 10 feet deep along the shores and 30 feet deep at its deepest.",
										"The compromised runestone in area 5 has enabled some of the fallen star beneath the Star Forge to seep acid into the lake's water. As long as the runestone is cracked, the water remains unsafe to drink, touch, or even go near.",
										{
											"type": "entries",
											"name": "Acidic Fumes",
											"id": "025",
											"entries": [
												"A creature that starts its turn within 10 feet of the water's edge or anywhere in the air within 100 feet above the water must make a {@dc 15} Constitution saving throw, taking 21 ({@dice 6d6}) acid damage on a failed save, or half as much damage on a successful one. A creature that starts its turn submerged in the water takes 42 ({@dice 12d6}) acid damage."
											]
										}
									]
								},
								{
									"type": "entries",
									"name": "3: Iron Shelter",
									"id": "026",
									"entries": [
										{
											"type": "insetReadaloud",
											"id": "027",
											"entries": [
												"This massive iron dwelling sports large doors, furniture, and fixtures. The building is divided into two chambers: a long bedchamber to the north and a workshop to the south. A simple furnace\u2014its light and heat humble compared to the Star Forge\u2014fills one wall of the southern chamber. Heaped in a pile near the furnace are metal building materials, gigantic pieces of rusty armor, and a variety of oversized trinkets clearly made for giants. Two massive figures toil at the furnace."
											]
										},
										"Two {@creature Cinder Hulk|BGG|cinder hulks} (see the {@area appendix|039|x}) loyal to Brimskarda stoke the forge in this shelter's southern room. They've been ordered to collect metal scraps from around the lake, melt them down into ingots, and transfer the ingots to the Star Forge. The cinder hulks are hostile toward the characters and attack them immediately.",
										{
											"type": "entries",
											"name": "Treasure",
											"id": "028",
											"entries": [
												"A character who searches the pile of trinkets finds two {@item Ring of Acid Resistance||rings of resistance (acid)} sized for fire giants. A Medium or Small Humanoid can wear one of these rings like a bangle.",
												"Also within the pile is a stone medallion the size of a dinner plate, inscribed with the fire rune. A character can repair the cracked runestone in area 5 by removing the runestone and replacing it with this medallion."
											]
										},
										{
											"type": "entries",
											"name": "Other Shelters",
											"id": "029",
											"entries": [
												"The other shelters around the lake have similar features and lie in different states of disrepair, but none contain any items or creatures of interest."
											]
										}
									]
								},
								{
									"type": "entries",
									"name": "4: Island Path",
									"id": "02a",
									"entries": [
										{
											"type": "insetReadaloud",
											"id": "02b",
											"entries": [
												"A wide dirt path slopes up the craggy island, connecting the shore to the south to a towering stone structure at the isle's northern tip. Standing in the middle of the road is a broad-shouldered giant with dusky skin and flaming red hair. She wears intimidating armor made of jagged lava rock and wields a searing scepter.",
												"\"None shall pass,\" the giant intones. At these words, two serpentine creatures of living flame slither to join her side."
											]
										},
										"Brimskarda's most trusted companion, her sister Zohelm, guards the path to the Star Forge. Zohelm is a {@creature fire giant of evil fire|BGG} (see the {@area appendix|039|x}), and she is accompanied by two {@creature Salamander||salamanders} she summoned from the Elemental Plane of Fire. The three guard the area of the island south of the Star Forge and stamp out any intruders they find. They particularly enjoy driving enemies toward the nearby lake and throwing them into its acidic waters.",
										{
											"type": "entries",
											"name": "Treasure",
											"id": "02c",
											"entries": [
												"Zohelm carries the following items in a velvet-lined bag at her hip: six giant-sized iron ingots and a diagram showing how to make a spiked tower shield. The bag also contains 110 sp, 90 ep, 100 gp, and 9 pp."
											]
										}
									]
								},
								{
									"type": "entries",
									"name": "5: Cracked Runestone",
									"id": "02d",
									"entries": [
										{
											"type": "insetReadaloud",
											"id": "02e",
											"entries": [
												"Four fifty-foot-tall pillars of red stone stand before the wide archways on the Star Forge's south wall. Runestones embedded in the pillars radiate white light, giving the impression that the pillars are streaked with glowing veins of magma. One pillar glows notably brighter than the others. A runestone halfway up the brightly glowing pillar is cracked."
											]
										},
										"The runestones embedded in these pillars form a magical ward. This ward contains the power of the fallen star beneath the Star Forge. Brimskarda's thunderous hammering on the Star Forge's anvil has caused a runestone on one of the pillars to crack.",
										"Each pillar has AC 16, 30 hit points, and immunity to poison and psychic damage.",
										{
											"type": "entries",
											"name": "Repairing the Runestone",
											"id": "02f",
											"entries": [
												"A character who knows the Giant language can repair the cracked runestone with a successful {@dc 15} Dexterity check using either mason's tools or the {@skill Sleight of Hand} skill. Failing the check causes the runestone to break. Alternatively, any character can remove the cracked runestone and replace it with the stone medallion in area 3 (see \"{@area Treasure|026|x}\").",
												"If the runestone is repaired, the light seeping from the pillar dims, and the wards containing the fallen star restabilize. Any acid damage dealt by the acidic lake water (see {@area area 2|023|x}) is halved. After {@dice 1d10} days, the lake's water becomes safe to drink.",
												"If the runestone breaks, the light of the fallen star beneath the Star Forge shines even more intensely, and more acid seeps from the star into the surrounding lake. The Star Forge sheds bright light for 200 feet and dim light for another 200 feet. Any acid damage dealt by the acidic lake water (see area 2) is doubled."
											]
										}
									]
								},
								{
									"type": "entries",
									"name": "6: Star Forge",
									"id": "030",
									"entries": [
										{
											"type": "insetReadaloud",
											"id": "031",
											"entries": [
												"Archways on the south, east, and west walls vent scorching heat from this high-ceilinged forge chamber. The heat comes from a blazing furnace set into the north wall. An enormous anvil\u2014thirty feet wide and ten feet tall\u2014dominates the chamber's center. Kneeling atop the anvil is a begoggled, middle-aged human hammering together pieces of metal. The human wears a glowing shackle around one ankle; the shackle is attached to a long metal chain wrapped around the anvil's base. Looming in the chamber's corner is a partially constructed war machine of stone and steel shaped like a giant warrior."
											]
										},
										"If the characters haven't yet faced Brimskarda, add the following when you describe the room to your players:",
										{
											"type": "insetReadaloud",
											"id": "032",
											"entries": [
												"A heavily armored giant with iron-gray skin and brassy hair hammers a piece of red-hot metal at the anvil. Like the human, she wears dark-tinted goggles to protect her eyes from the blinding light of the furnace."
											]
										},
										"The giant smith is Brimskarda, a lawful evil {@creature fire giant forgecaller|BGG} (see the {@area appendix|039|x}). Theldin (neutral good, human {@creature commoner}) toils alongside his kidnapper, performing the work that requires finer movements.",
										"Brimskarda has no interest in negotiating with the characters or bartering for Theldin's freedom. All she wants is to reaffirm her lofty position in the ordning. To achieve her goal, she requires Theldin's expert, nimble hands. Together the smiths will soon complete what Brimskarda is sure will be her magnum opus: a titanic war machine called a runic colossus. Theldin fears for his life and therefore does whatever Brimskarda demands.",
										"Brimskarda stays close to the furnace, knowing that her immunity to its intense heat and blinding radiance gives her an edge in case of combat. If attacked, she fights to the bitter end, knowing that to surrender to mere humans would heap the worst kind of shame on her name.",
										{
											"type": "entries",
											"name": "Blinding Furnace",
											"id": "033",
											"entries": [
												"A creature that starts its turn within 60 feet of the furnace must succeed on a {@dc 15} Constitution saving throw or take 22 ({@dice 4d10}) fire damage and have the {@condition blinded} condition until the start of the creature's next turn. On a successful save, the creature takes half as much damage only.",
												"Brimskarda and Theldin wear protective goggles that make them immune to the furnace's blinding light. Brimskarda is immune to fire damage. The shackle Theldin wears is magical; as long as the shackle is within 120 feet of the Star Forge, its wearer is immune to fire damage."
											]
										},
										{
											"type": "entries",
											"name": "Giant Anvil",
											"id": "034",
											"entries": [
												"The anvil has AC 18; 250 hit points; and immunity to fire, poison, and psychic damage. The anvil has immunity to all other damage unless it takes 25 or more damage from a single attack or effect, in which case it takes damage as normal."
											]
										},
										{
											"type": "entries",
											"name": "Freeing Theldin",
											"id": "035",
											"entries": [
												"Theldin is secured to the anvil by a 100-foot-long adamantine chain attached to a locked shackle around his left ankle. A character can pick the lock with a successful {@dc 20} Dexterity check using thieves' tools or the {@skill Sleight of Hand} skill. Brimskarda carries the manacle's key in a pouch on her belt."
											]
										},
										{
											"type": "entries",
											"name": "Treasure",
											"id": "036",
											"entries": [
												"Brimskarda carries everything she owns in a leather bag on her belt. The sack contains three boulders (minus any she's already thrown), a giant-sized leather apron stained with soot, fragments of a fire opal (worth 60 gp), and a 3-foot-tall ceramic mug decorated with golden paint. It also contains 270 sp, 60 ep, 90 gp, and 14 pp."
											]
										},
										{
											"type": "entries",
											"name": "Destroying the Colossus",
											"id": "037",
											"entries": [
												"If the characters free Theldin, he insists they help him destroy the runic colossus Brimskarda was building. He explains that the half-finished Construct is a weapon of war capable of cataclysmic destruction, and the possibility that some other giant might find and complete their work fills him with dread. The half-built colossus is a Huge object that has AC 20, 150 hp, and immunity to poison and psychic damage. To destroy it, the characters must reduce it to 0 hit points and then feed the broken pieces into the furnace. If Brimskarda, her nephews, Akaanvaerd, or any of the other residents of the crater remain alive, they might appear (at your discretion) and interrupt this task. Otherwise, it's safe to assume Theldin and the characters can complete the task with about a half hour of work."
											]
										}
									]
								}
							]
						}
					]
				},
				{
					"type": "section",
					"name": "Conclusion",
					"id": "038",
					"entries": [
						"Once the characters free Theldin and return the smith to his home, they've completed their quest and earned their reward. If the characters didn't already coax such a promise from Evin at the adventure's outset, Theldin offers to craft a magic weapon or suit of armor for his saviors. This could be a {@item +2 weapon}, a suit of {@item +1 armor}, or some other rare magic item of your choice.",
						"If Theldin doesn't return home safely, Evin and other members of the city's royalty build a funerary pyre to honor the smith and mourn his loss. Evin thanks the characters for their efforts but cannot give them a reward; the city must preserve all the wealth it can now that its prized smith is gone.",
						"The fate of Brimskarda has a ripple effect on the region. Should the fire giant survive and retain control of the Star Forge, it's only a matter of time before she either completes her runic colossus alone or kidnaps another capable smith to help her finish the job. Once her war machine is complete, Brimskarda's first order of business is to lay waste to the city that hired the adventurers who nearly foiled her plot.",
						"In the event of Brimskarda's death, the dragon Akaanvaerd once again claims the Star Forge as his lair. It will likely be some time before another giant capable of challenging the dragon rises to the occasion."
					]
				},
				{
					"type": "section",
					"name": "Appendix",
					"id": "039",
					"entries": [
						{
							"type": "list",
							"columns": 3,
							"items": [
								"{@creature Cinder Hulk|BGG}",
								"{@creature Firbolg Wanderer|BGG}",
								"{@creature Fire Giant Forgecaller|BGG}",
								"{@creature Fire Giant of Evil Fire|BGG}"
							]
						}
					]
				}
			]
		},
		{
			"type": "section",
			"name": "Credits",
			"entries": [
				{
					"type": "list",
					"style": "list-hang-notitle",
					"columns": 2,
					"items": [
						{
							"type": "item",
							"name": "Designers",
							"entries": [
								"Patrick Renie, James Wyatt"
							]
						},
						{
							"type": "item",
							"name": "Art Director",
							"entries": [
								"Bree Heiss, Emi Tanji"
							]
						},
						{
							"type": "item",
							"name": "Editor",
							"entries": [
								"Janica Carter"
							]
						},
						{
							"type": "item",
							"name": "Graphic Designer",
							"entries": [
								"Trish Yochum"
							]
						},
						{
							"type": "item",
							"name": "Illustrators",
							"entries": [
								"Olivier Bernard, Dawn Carlos, Dyson Logos, Riccardo Moscatello"
							]
						},
						{
							"type": "item",
							"name": "Imaging Technicians",
							"entries": [
								"Daniel Corona, Kevin Yee"
							]
						},
						{
							"type": "item",
							"name": "Senior Producer",
							"entries": [
								"Dan Tovar"
							]
						},
						{
							"type": "item",
							"name": "Producer",
							"entries": [
								"Siera Bruggeman, Gabriel Waluconis"
							]
						},
						{
							"type": "item",
							"name": "Product Manager",
							"entries": [
								"Natalie Egan"
							]
						},
						{
							"type": "item",
							"name": "D&D Beyond Product Managers",
							"entries": [
								"Patrick Backmann, Jeff Turriff"
							]
						},
						{
							"type": "item",
							"name": "D&D Beyond Digital Design Team",
							"entries": [
								"Jay Jani, Adam Walton, Joseph Keen, Cameron Powell, Sean Stoves"
							]
						}
					]
				}
			],
			"id": "03b"
		}
	]
}
